{"FinalExp":489029.438,"FrInv":3049.468,"FrIsEqual":78.158,"FrNeg":73.398,"G1Add":704.354,"G1IsEqual":307.976,"G1Mul":93665.73,"G1MulVec1000":40588478,"G1MulVec1000Avg":40588.478,"G1MulVec2":162154,"G1MulVec2Avg":81077,"G1MulVec32":1298523,"G1MulVec32Avg":40578.84375,"G1Neg":102.171,"G1Sub":797.396,"G2Add":2052.741,"G2IsEqual":509.75,"G2Mul":169952.963,"G2MulVec1000":108447397,"G2MulVec1000Avg":108447.397,"G2MulVec2":270581,"G2MulVec2Avg":135290.5,"G2MulVec32":3601976,"G2MulVec32Avg":112561.75,"G2Neg":98.574,"G2Sub":2044.681,"GTIsEqual":76.059,"GTMul":2845.869,"GTPow":277163.041,"MillerLoop":347832.145,"MillerLoopVec1000":228659561,"MillerLoopVec1000Avg":228659.561,"MillerLoopVec2":552437,"MillerLoopVec2Avg":276218.5,"MillerLoopVec32":7337909,"MillerLoopVec32Avg":229309.65625,"MultiPairing1000":227401044,"MultiPairing1000Avg":227401.044,"MultiPairing2":1043473,"MultiPairing2Avg":521736.5,"MultiPairing32":8790930,"MultiPairing32Avg":274716.5625,"Pairing":813352.586}